<?xml version="1.0"?>
<lom
  xmlns="http://www.imsglobal.org/xsd/imsmd_rootv1p2p1"
  xmlns:xsi="http://www.w3.org/2001/XMLSchema-instance"
  xsi:schemaLocation="http://www.imsglobal.org/xsd/imsmd_rootv1p2p1 imsmd_rootv1p2p1.xsd">
  <general>
  <title>
    <langstring>Title</langstring>
    </title>
    <catalogentry>
      <catalog>Maicol</catalog>
      <entry>
        <langstring>M1</langstring>
      </entry>
    </catalogentry>
    <language>en</language>
    <aggregationlevel>
      <vocabulary>
        <source>
          <langstring xml:lang="x-none">LOMv1.0</langstring>
        </source>
        <value>
          <langstring xml:lang="x-none">3</langstring>
        </value>
      </vocabulary>
    </aggregationlevel>
  </general>
  <lifecycle>
    <contribute>
      <role>
        <source>
          <langstring xml:lang="x-none">LOMv1.0</langstring>
        </source>
        <value>
          <langstring xml:lang="x-none">Author</langstring>
        </value>
      </role>
      <centity>
        <vcard>BEGIN:vCard FN:Maicol END:vCard</vcard>
      </centity>
      <date>
        <datetime>2018-01-03</datetime>
      </date>
    </contribute>
  </lifecycle>
  <metadata>
    <metadatascheme>ADL SCORM 1.3</metadatascheme>
  </metadata>
  <technical>
    <format>SCORM 1.3</format>
  </technical>
</lom>