<?xml version="1.0" encoding="UTF-8"?>
<manifest xmlns="http://www.imsglobal.org/xsd/imscp_v1p1" xmlns:lom="http://ltsc.ieee.org/xsd/LOM" xmlns:xsi="http://www.w3.org/2001/XMLSchema-instance" xmlns:adlcp="http://www.adlnet.org/xsd/adlcp_v1p3" xmlns:imsss="http://www.imsglobal.org/xsd/imsss" xmlns:adlseq="http://www.adlnet.org/xsd/adlseq_v1p3" xmlns:adlnav="http://www.adlnet.org/xsd/adlnav_v1p3" identifier="MANIFEST-CCED0204-39ED-D02A-67D6-D44E36B537CE" xsi:schemaLocation="http://www.imsglobal.org/xsd/imscp_v1p1 imscp_v1p1.xsd http://ltsc.ieee.org/xsd/LOM lom.xsd http://www.adlnet.org/xsd/adlcp_v1p3 adlcp_v1p3.xsd http://www.imsglobal.org/xsd/imsss imsss_v1p0.xsd http://www.adlnet.org/xsd/adlseq_v1p3 adlseq_v1p3.xsd http://www.adlnet.org/xsd/adlnav_v1p3 adlnav_v1p3.xsd" version="1.3">
  <metadata>
    <schema>ADL SCORM</schema>
    <schemaversion>2004 4th Edition</schemaversion>
    <adlcp:location>imslrm.xml</adlcp:location>
  </metadata>
  <organizations default="Corso_org">
    <organization identifier="Corso_org" adlseq:objectivesGlobalToSystem="false" adlcp:sharedDataGlobalToSystem="false">
      <title>Title</title>
			<item identifier="item_1" identifierref="resource_1">
				<title>Lezioni</title>
      <!-- Include some basic sequencing information that overrides the defaults-->
        <imsss:sequencing>
          <imsss:deliveryControls completionSetByContent="true" objectiveSetByContent="true"/>
        </imsss:sequencing>
			</item>
      <imsss:sequencing>
        <imsss:controlMode choice="true" flow="true"/>
      </imsss:sequencing>
		</organization>
	</organizations>
  <resources>
		<resource identifier="resource_1" type="webcontent" adlcp:scormType="sco" href="content/index.html">
      <file href="content/contents/page0.html"/>
      <file href="content/contents/page2.html"/>
      <file href="content/contents/page3.html"/>
      <file href="content/contents/plus/credits.html"/>
      <file href="content/contents/plus/glossary.html"/>
      <file href="content/contents/plus/heading.html"/>
      <file href="content/contents/plus/help.html"/>
      <file href="content/contents/plus/linkography.html"/>
      <file href="content/contents/plus/navigation.html"/>
      <file href="content/contents/plus/player.html"/>
      <file href="content/contents/plus/references.html"/>
      <file href="content/contents/plus/video.html"/>
      <file href="content/contents/test.html"/>
      <file href="content/css/glossary.css"/>
      <file href="content/css/help.css"/>
      <file href="content/css/jquery.custombox.css"/>
      <file href="content/css/LayoutImg.css"/>
      <file href="content/css/LayoutText.css"/>
      <file href="content/css/menu.css"/>
      <file href="content/css/modal_popup.css"/>
      <file href="content/css/style_index.css"/>
      <file href="content/css/video.css"/>
      <file href="content/font/djgross-webfont.eot"/>
      <file href="content/font/djgross-webfont.svg"/>
      <file href="content/font/djgross-webfont.ttf"/>
      <file href="content/font/djgross-webfont.woff"/>
      <file href="content/font/eraserregular-webfont.eot"/>
      <file href="content/font/eraserregular-webfont.svg"/>
      <file href="content/font/eraserregular-webfont.ttf"/>
      <file href="content/font/eraserregular-webfont.woff"/>
      <file href="content/images/bg_green.jpg"/>
      <file href="content/images/glossary.png"/>
      <file href="content/images/heading.png"/>
      <file href="content/images/help.png"/>
      <file href="content/images/icons/arrow.png"/>
      <file href="content/images/icons/back.png"/>
      <file href="content/images/icons/back_hover.png"/>
      <file href="content/images/icons/comment.png"/>
      <file href="content/images/icons/comment_hover.png"/>
      <file href="content/images/icons/cursor.png"/>
      <file href="content/images/icons/glossary.png"/>
      <file href="content/images/icons/glossary_hover.png"/>
      <file href="content/images/icons/help.png"/>
      <file href="content/images/icons/help_hover.png"/>
      <file href="content/images/icons/hide_menu.png"/>
      <file href="content/images/icons/icon_minus.png"/>
      <file href="content/images/icons/icon_plus.png"/>
      <file href="content/images/icons/invisible.png"/>
      <file href="content/images/icons/logo_wiki.png"/>
      <file href="content/images/icons/menu.png"/>
      <file href="content/images/icons/next.png"/>
      <file href="content/images/icons/next_hover.png"/>
      <file href="content/images/icons/pause.png"/>
      <file href="content/images/icons/pause_hover.png"/>
      <file href="content/images/icons/play.png"/>
      <file href="content/images/icons/play_hover.png"/>
      <file href="content/images/icons/print.png"/>
      <file href="content/images/icons/print_hover.png"/>
      <file href="content/images/icons/references.png"/>
      <file href="content/images/icons/references_hover.png"/>
      <file href="content/images/icons/slider.png"/>
      <file href="content/images/icons/slider_time.png"/>
      <file href="content/images/icons/slider_vol_blue.png"/>
      <file href="content/images/icons/slider_vol_fixed.png"/>
      <file href="content/images/icons/slider_vol_white.png"/>
      <file href="content/images/icons/sprite_icon.png"/>
      <file href="content/images/icons/sprite_player.png"/>
      <file href="content/images/icons/sprite_vol.png"/>
      <file href="content/images/icons/volume.png"/>
      <file href="content/images/icons/volume_hover.png"/>
      <file href="content/images/layout.png"/>
      <file href="content/images/layout_shadows.png"/>
      <file href="content/images/menu_all_compatible.png"/>
      <file href="content/images/navigation.png"/>
      <file href="content/images/page2/Img2.png"/>
      <file href="content/images/player.png"/>
      <file href="content/images/player_border.png"/>
      <file href="content/images/player_border_shadows.png"/>
      <file href="content/images/references.png"/>
      <file href="content/images/video.png"/>
      <file href="content/index.html"/>
      <file href="content/js/bubbles.js"/>
      <file href="content/js/draggable.js"/>
      <file href="content/js/jquery-1.11.0.js"/>
      <file href="content/js/jquery.animate-shadow.js"/>
      <file href="content/js/jquery.custombox.js"/>
      <file href="content/js/left_buttons.js"/>
      <file href="content/js/menu.js"/>
      <file href="content/js/navigation.js"/>
      <file href="content/js/pages.js"/>
      <file href="content/js/questionF.js"/>
      <file href="content/js/questionP.js"/>
      <file href="content/js/scormfunctions.js"/>
      <file href="content/js/test.js"/>
      <file href="content/js/text.js"/>
      <file href="content/js/video.js"/>
		</resource>
	</resources>
</manifest>